Position,Company,Location,URL
Full-Time,RemoteMore,Anywhere in the World,https://weworkremotely.com/remote-jobs/remotemore-javascript-developer-react-or-vue-or-angular-with-node-js-3
Full-Time,Proxify AB,Latin America Only/Europe Only/EMEA Only,https://weworkremotely.com/remote-jobs/proxify-ab-senior-react-native-developer-long-term-job-100-remote
Full-Time,OpenCraft,Anywhere in the World,https://weworkremotely.com/remote-jobs/opencraft-senior-open-source-developer-devops-python-django-react-aws-openstack
Full-Time,Clutchy,Europe Only,https://weworkremotely.com/remote-jobs/clutchy-senior-full-stack-developer-react-node-js
Full-Time,Corpay One,Europe Only,https://weworkremotely.com/remote-jobs/corpay-one-frontend-developer-typescript-react
Full-Time,Close,USA Only,https://weworkremotely.com/remote-jobs/close-senior-or-staff-frontend-engineer-react-100-remote-3
프론트엔드 개발 ,NHN DATA,성남 판교역,https://kr.indeed.com/rc/clk?jk=e764b919165b8d3e&fccid=cc378bd7bc831eca&vjs=3
랭킹지지와 함께 하실 React 개발자 찾습니다. ,랭킹지지,서울 강남구,https://kr.indeed.com/rc/clk?jk=f0f354564d4f6149&fccid=c6103379c0cb8a66&vjs=3
플랫폼 프론트엔드 개발자 (React)를 모십니다. ,(주)휴톰 관심기업,서울 대흥동,https://kr.indeed.com/rc/clk?jk=68fa2e8f6b62e92a&fccid=667cf6cbd3cba549&vjs=3
[코아메소드] Front-end React 개발 프리랜서 (중급) ,코아메소드,서울 마포구,https://kr.indeed.com/rc/clk?jk=0b343983f462d824&fccid=a2f4b9020f0cf3c1&vjs=3
[LMP 플랫폼] Frontend Developer ,한화그룹,서울,https://kr.indeed.com/rc/clk?jk=de0142957d61dd88&fccid=bd0dc1817223394f&vjs=3
Frontend 개발자 ,플리토,서울 강남구,https://kr.indeed.com/rc/clk?jk=cb85566aedd4d1cf&fccid=01aed038bcce2a5f&vjs=3
프론트엔드(Front-end) 개발자님 정중히 (react-native) ,위솝,서울 마포구,https://kr.indeed.com/rc/clk?jk=b226536a79e18737&fccid=17a370bb75419be0&vjs=3
[ICT] Frontend Developer[매니저(G2), 책임매니저(G3)] ,현대자동차그룹,서울 양재역,https://kr.indeed.com/rc/clk?jk=ad22068e94a52e63&fccid=980d6ecc399a3373&vjs=3
웹개발자 ,코너스톤42,서울 송파구,https://kr.indeed.com/rc/clk?jk=f90ceb6b44db9ed7&fccid=f21fdfb1a45c8aea&vjs=3
국내 대기업 - Web frontend 개발 경력자 ,라피플코리아리미티드,서울,https://kr.indeed.com/rc/clk?jk=1f08ce671e4cb41e&fccid=28f5722fca6f5b12&vjs=3
핀테크 플랫폼 개발 ,NHN PAYCO,성남 판교역,https://kr.indeed.com/rc/clk?jk=ed092cebbdf903d9&fccid=cc378bd7bc831eca&vjs=3
품질시스템 React 개발/운영 부문 경력 ,현대오토에버,서울 강남구,https://kr.indeed.com/rc/clk?jk=65156e1fe9ec1ca6&fccid=d5a22a3e93377742&vjs=3
프론트엔드 신입 / 경력 개발자 ,와이즈텍,서울 용산구,https://kr.indeed.com/rc/clk?jk=ea99143338a319b7&fccid=8b01882cef0e8002&vjs=3
[TaaS] Frontend Engineer for Mobility[연구원, 책임연구원] ,현대자동차그룹,서울 강남구,https://kr.indeed.com/rc/clk?jk=0f4ae9338d4a09eb&fccid=980d6ecc399a3373&vjs=3
상시지원 (Software Engineer) ,Riiid Labs,서울,https://kr.indeed.com/rc/clk?jk=d6d827bd48a88195&fccid=933989f3b0ffe928&vjs=3
Software Engineer, App UI ,Bear Robotics,서울,https://kr.indeed.com/rc/clk?jk=134b2f0d4a03b459&fccid=d7230dda285fd6ea&vjs=3
IT 사업 부문별 경력사원 (사업 확장에 따른 인재 ) ,교보정보통신,서울 종로구,https://kr.indeed.com/rc/clk?jk=e79cf7d0bc455d83&fccid=62d06d841710893c&vjs=3
Web Frontend Engineer (Hakuna) ,Match Group,서울,https://kr.indeed.com/rc/clk?jk=3afd5d27c6c70893&fccid=47feb0effe4ed4f2&vjs=3
신기술 개발자 신입 ,핸디소프트,안양 동안구,https://kr.indeed.com/rc/clk?jk=590665eb5aa9ea38&fccid=d22d7c6a99de76b6&vjs=3
[아도바 주식회사] 프론트엔드 개발(경력) ,아도바,서울 서초구,https://kr.indeed.com/rc/clk?jk=49f6269e5aa28b60&fccid=4308108fbde5a783&vjs=3
게임플랫폼 프론트엔드 개발 ,NHN,성남 판교역,https://kr.indeed.com/rc/clk?jk=8b8e6db1c68f4b32&fccid=cc378bd7bc831eca&vjs=3
SM Front-end(react 등)웹 개발자 ,파이웍스,안양 만안구,https://kr.indeed.com/rc/clk?jk=a935463e70c66f46&fccid=633d659ca9c7a88e&vjs=3
FrontEnd Developer(프론트앤드) 클라이언트 개발자 경력 ,에스제이에이치스튜디오,서울 역삼동,https://kr.indeed.com/rc/clk?jk=89a05c7c844b1526&fccid=b160cc3e023e1129&vjs=3
Software Engineer Intern - Korea ,MOLOCO,서울 강남구,https://kr.indeed.com/rc/clk?jk=c2f271fbd2fa95e7&fccid=05089dbaca95e549&vjs=3
[해외취업] 주식회사 Fusic - 도쿄증시 상장사 web 개발 엔지니어 ,포유스,서울 문정동,https://kr.indeed.com/rc/clk?jk=69986e90510036a2&fccid=9fc4ae6d92249193&vjs=3
ERP 서비스 서버 개발 ,NHN Dooray,성남 판교역,https://kr.indeed.com/rc/clk?jk=9597953fd8a79209&fccid=cc378bd7bc831eca&vjs=3
React/React Native Developer ,캐스트잼,수원 영통구,https://kr.indeed.com/rc/clk?jk=3878fafc4b891091&fccid=83a37705fcfb5c57&vjs=3
백엔드 웹 개발자 Back-end Developer ,인텔리코리아,서울 금천구,https://kr.indeed.com/rc/clk?jk=ee1802a0cf57d159&fccid=16ab77ef5888e778&vjs=3
프론트엔드 웹 개발자 ,어밸브,서울 서초구,https://kr.indeed.com/rc/clk?jk=4b2477e0be648bb5&fccid=90e59c5d7146f2da&vjs=3
SOFTWARE ENGINEER - FRONTEND ,ODK Media  Inc.,서울,https://kr.indeed.com/rc/clk?jk=66b704e48bfeaa97&fccid=3b1901acc774c742&vjs=3
[신입/경력] 프론트엔드 개발 (html외2 부문 정규직 모집 ,(주)원더온 관심기업,서울 성수동1가,https://kr.indeed.com/rc/clk?jk=56e6e827298d33b6&fccid=62a316a4088ad7de&vjs=3
광고플랫폼 Web SDK 개발 ,NHN,성남 판교역,https://kr.indeed.com/rc/clk?jk=383ce3a1bdade3ed&fccid=cc378bd7bc831eca&vjs=3
[신입/경력] 백앤드/프론트앤드 개발자 ,포에스텍,서울 성동구,https://kr.indeed.com/rc/clk?jk=0c6d2dbaa9d96000&fccid=3476005418c1964d&vjs=3
[팬마음] 병역특례 - Node.js Back-End / 웹 프론트엔드 개발자 ,팬마음,서울 강남구,https://kr.indeed.com/rc/clk?jk=81bcbffb021c3806&fccid=bde17a84e0c72612&vjs=3
[IT운영팀] Frontend Developer ,한화그룹,서울,https://kr.indeed.com/rc/clk?jk=ddb3fb67ebf12a36&fccid=bd0dc1817223394f&vjs=3
Frontend Developer ,아우름플래닛,서울 마포구,https://kr.indeed.com/rc/clk?jk=2c424681fddd90dc&fccid=553095a190e81a86&vjs=3
여행 좋아하는 주니어 개발자 ,메리홀리데이,서울 강남구,https://kr.indeed.com/rc/clk?jk=bcb66193e91fee96&fccid=a42311527da9836f&vjs=3
Social Media Content Creator ,Crypto.com,서울,https://kr.indeed.com/rc/clk?jk=e8334c2dfe017473&fccid=18bfd14af40ab66a&vjs=3
Software Engineering Manager ,Cognex Corporation,서울,https://kr.indeed.com/rc/clk?jk=c0c94595bea86d18&fccid=10262ed586a63244&vjs=3
블록체인 플랫폼 웹서비스 백엔드 개발 ,NHN,성남 판교역,https://kr.indeed.com/rc/clk?jk=412a7e9942093ea9&fccid=cc378bd7bc831eca&vjs=3
프론트엔드 엔지니어 (일본사업) ,에이블리코퍼레이션,서울,https://kr.indeed.com/rc/clk?jk=83e30a5a433d59cd&fccid=e98e3bb42308e608&vjs=3
[NHN Bugs] 웹개발(Front-End) 경력 ,엔에이치엔벅스,성남 분당구,https://kr.indeed.com/rc/clk?jk=f74b665d0c5eb94c&fccid=c735718f69fb3d0c&vjs=3
웹 백엔드 개발자 (경력) ,이지원,경기도 군포,https://kr.indeed.com/rc/clk?jk=a598323fc5517601&fccid=0aace51231efeead&vjs=3
[마켓오브메테리얼] Web Front-end Engineer ,마켓오브메테리얼,성남 수정구,https://kr.indeed.com/rc/clk?jk=eb49c2463803cf10&fccid=606aec63eb72f6c0&vjs=3
Determined AI - Developer Support Engineer ,Hewlett Packard Enterprise,서울,https://kr.indeed.com/rc/clk?jk=65b964ddf614aec2&fccid=216eb700022de6f6&vjs=3
웹 백엔드 개발자 (경력) ,이지원,경기도 군포,https://kr.indeed.com/rc/clk?jk=a598323fc5517601&fccid=0aace51231efeead&vjs=3
[마켓오브메테리얼] Web Front-end Engineer ,마켓오브메테리얼,성남 수정구,https://kr.indeed.com/rc/clk?jk=eb49c2463803cf10&fccid=606aec63eb72f6c0&vjs=3
시니어 프론트앤드 개발 (리딩 웹툰 플랫폼) ,줄기세포 치료제 바이오,서울 강남구,https://kr.indeed.com/rc/clk?cmp=Aims-International&ti=%EC%8B%9C%EB%8B%88%EC%96%B4+%ED%94%84%EB%A1%A0%ED%8A%B8%EC%95%A4%EB%93%9C+%EA%B0%9C%EB%B0%9C+%28%EB%A6%AC%EB%94%A9+%EC%9B%B9%ED%88%B0+%ED%94%8C%EB%9E%AB%ED%8F%BC%29&jk=71f169b656806dea&fccid=def328ffc9620ff6&vjs=3
Software Engineer (Front-End Web) ,TalentMatters,대한민국,https://kr.indeed.com/rc/clk?jk=9de2be96bd36b77a&fccid=d5735b574ae38a12&vjs=3
[전력] 신입/경력 연구개발 수시 채용 ,LS일렉트릭,안양 동안구,https://kr.indeed.com/rc/clk?jk=5f863f363a103cf3&fccid=91184db69b2a175f&vjs=3
퍼블리싱 플랫폼 Front-End 개발자 모집 ,엔씨소프트,성남 판교역,https://kr.indeed.com/rc/clk?jk=f375ef7d9ffaf0c6&fccid=a1e4e21b1f33cf40&vjs=3
클라이언트 개발자 FrontEnd Developer ,에스제이에이치스튜디오,서울 역삼동,https://kr.indeed.com/rc/clk?jk=4889d2814b462d35&fccid=b160cc3e023e1129&vjs=3
Front-end Engineer - 데일리호텔 React 개발 ,야놀자,서울 강남구,https://kr.indeed.com/rc/clk?jk=6e6563aedfcfb49a&fccid=73fe623ec23ed0a5&vjs=3
JAVA 서버 개발 ,NHN PAYCO,성남 판교역,https://kr.indeed.com/rc/clk?jk=4ad91794ab7d80cf&fccid=cc378bd7bc831eca&vjs=3
리드급 풀스택 개발자 / 신입 개발자 ,가보드림,서울 서초구,https://kr.indeed.com/rc/clk?jk=1fe6a772e758057c&fccid=89eb3eb174f006ff&vjs=3
Digital Communications Officer ,국경없는의사회 한국,서울 강남구,https://kr.indeed.com/rc/clk?jk=a8730c6edbaaa002&fccid=ef6a7567d77a96bc&vjs=3
개발자(프론트엔드/백엔드) 정규직 신입/경력자를 모십니다. ,아토즈소프트 관심기업,서울 성수동2가,https://kr.indeed.com/rc/clk?jk=c6846f4abf3d57cb&fccid=3401aed56a2304e2&vjs=3
리액트 개발자 ,모비온즈미디어,서울 강남구,https://kr.indeed.com/rc/clk?jk=e2bf1e47462d2bb0&fccid=ecaa0cca2e60c4c4&vjs=3
[해외취업] 주식회사 NCJapan / 엔지니어직 / 24년 1월까지 입사 ,주식화사 비웰코리아,서울 창천동,https://kr.indeed.com/rc/clk?jk=96099bbd9a704b01&fccid=9499f576ad04f30c&vjs=3
[해외취업] 주식회사 Fusic - 도쿄증시 상장사 AI엔지니어 ,포유스,서울 문정동,https://kr.indeed.com/rc/clk?jk=623f23135dc8d947&fccid=9fc4ae6d92249193&vjs=3
B2B 대상 엔드포인트 보안 매니지먼트 웹 서비스 개발 ,안랩,성남 분당구,https://kr.indeed.com/rc/clk?jk=1dcf7b853db9a54d&fccid=0b88b2af6686dd2b&vjs=3
[영덕] Flutter 및 React (Front-End) 신입/경력 ,농업회사법인 모두의농부,경상북도 영덕,https://kr.indeed.com/rc/clk?jk=7c442c63e1bfd9f6&fccid=ea18948bef6e2f9d&vjs=3
[Speech AI] 프론트엔드 개발자 모집 ,엔씨소프트,성남 판교역,https://kr.indeed.com/rc/clk?jk=39775084c88b6eda&fccid=a1e4e21b1f33cf40&vjs=3
웹 개발자 (Typescript, react, 3.js, PHP, Cloud Server, etc) ,브이에스엘,천안 서북구,https://kr.indeed.com/rc/clk?jk=f35ec072836af172&fccid=19e12793a04ed129&vjs=3
[적극 채용] Front-end(Web) Engineer (Rocket Growth Engineering) ,Coupang,서울,https://kr.indeed.com/rc/clk?jk=f974398e3331fdec&fccid=56e12959d04ef145&vjs=3
Tech/IT 5월 ,교원그룹,서울특별시,https://kr.indeed.com/rc/clk?jk=107aa9fdd3f60159&fccid=dd616958bd9ddc12&vjs=3
Frontend (경력 및 신입 / 전문연구요원 가능) ,이마고웍스,서울 강남구,https://kr.indeed.com/rc/clk?jk=3dec2e71747040da&fccid=1c5712d7c48c7685&vjs=3
파이썬(python) 백엔드 개발자 (전문연구요원 가능) ,아토머스,서울 강남구,https://kr.indeed.com/rc/clk?jk=240326a26bd13bf2&fccid=660bbb21789ab63d&vjs=3
웹 프로그램 개발자 (수원, 정규직) ,리턴트루,수원 권선구,https://kr.indeed.com/rc/clk?jk=b632dc0fbbbe2fe9&fccid=fd4cfbde6b6fbc7b&vjs=3
css, 웹퍼블리셔(HTML코딩) 외 경력 정규직 ,에이피서비스,서울 강남구,https://kr.indeed.com/rc/clk?jk=2dbe4c7e2066d839&fccid=561d63cf81871305&vjs=3
Front-End 개발 ,NHN FashionGo korea,성남 판교역,https://kr.indeed.com/rc/clk?jk=37168204843e7230&fccid=cc378bd7bc831eca&vjs=3
[IT] 모바일 SW 개발 ,덴티움,수원 영통구,https://kr.indeed.com/rc/clk?jk=73db30d3f5b94b7a&fccid=b0a4fdd38b0ca73d&vjs=3
[신입/경력] 모바일앱/서버/블록체인 개발직군 정규직 ,블랍스,서울 서초구,https://kr.indeed.com/rc/clk?jk=08f89e942c7621c4&fccid=7f161a41d9bc8cfc&vjs=3
[인공지능기업] Front-End, HTML, CSS ,딥브레인에이아이,서울,https://kr.indeed.com/rc/clk?jk=655b7360721ec6a7&fccid=302172cb32d33ddc&vjs=3
Santa Frontend Engineer ,Riiid Labs,서울,https://kr.indeed.com/rc/clk?jk=3937e67c73b1617d&fccid=933989f3b0ffe928&vjs=3
