Image,Brand,Name,Price,URL
https://thumbnail7.coupangcdn.com/thumbnails/remote/230x230ex/image/retail/images/9025411721674794-e1d8b144-b1ff-4df5-9fd7-cafba8ec655f.png,본트리,베리 에센스 선블럭 SPF50+ PA++++ 50ml 2개,15000,https://www.coupang.com//vp/products/4583248357?itemId=5620780687&vendorItemId=4498803481&q=%EC%8D%AC%ED%81%AC%EB%A6%BC&itemsCount=36&searchId=3c5bd8aa38a54925a5dcface0f8f9811&rank=1
https://thumbnail7.coupangcdn.com/thumbnails/remote/230x230ex/image/retail/images/4583290751164806-872ed467-d261-408d-8269-6a6f5e189e66.jpg,헤라,선 메이트 데일리 선블록 SPF35 PA+++ 70ml 1개,18660,https://www.coupang.com//vp/products/7232964619?itemId=3089969015&vendorItemId=70531086974&pickType=COU_PICK&q=%EC%8D%AC%ED%81%AC%EB%A6%BC&itemsCount=36&searchId=3c5bd8aa38a54925a5dcface0f8f9811&rank=2
https://thumbnail6.coupangcdn.com/thumbnails/remote/230x230ex/image/retail/images/1053631093804718-e1c4555b-d56e-4350-b0d4-bacd28f7bc7d.jpg,AHC,더블쉴드 선스틱 SPF50+ PA++++ 14g x 3p + 선크림 50ml 세트 1세트,29800,https://www.coupang.com//vp/products/1550885333?itemId=2653722704&vendorItemId=70644483758&q=%EC%8D%AC%ED%81%AC%EB%A6%BC&itemsCount=36&searchId=3c5bd8aa38a54925a5dcface0f8f9811&rank=3
https://thumbnail8.coupangcdn.com/thumbnails/remote/230x230ex/image/retail/images/8044217797826954-64922d96-61b7-4fc5-9f83-9d32b3e75239.jpg,이니스프리,톤업 노세범 선스크린 SPF50+ PA++++ 50ml 1개,10440,https://www.coupang.com//vp/products/6308000802?itemId=13077916435&vendorItemId=80339552883&q=%EC%8D%AC%ED%81%AC%EB%A6%BC&itemsCount=36&searchId=3c5bd8aa38a54925a5dcface0f8f9811&rank=6
https://thumbnail9.coupangcdn.com/thumbnails/remote/230x230ex/image/retail/images/9284222472201189-db33129f-a346-4954-921b-ac7b33dbeaa5.jpg,아이오페,UV쉴드 선 프로텍터 XP SPF50+ PA++++ 60ml 1개,16170,https://www.coupang.com//vp/products/7217026798?itemId=18278997754&vendorItemId=70285905898&q=%EC%8D%AC%ED%81%AC%EB%A6%BC&itemsCount=36&searchId=3c5bd8aa38a54925a5dcface0f8f9811&rank=7
https://thumbnail8.coupangcdn.com/thumbnails/remote/230x230ex/image/retail/images/1415007749680735-960af73e-4bf7-49b1-b170-ad7ab6eb2cb9.jpg,달바,워터풀 에센스 선크림 SPF50+ PA++++ 50ml + 워터풀 톤업 선크림 SPF50+ PA++++ 50ml + 기프트백 1세트,37900,https://www.coupang.com//vp/products/6596040074?itemId=14903041572&vendorItemId=82141759906&q=%EC%8D%AC%ED%81%AC%EB%A6%BC&itemsCount=36&searchId=3c5bd8aa38a54925a5dcface0f8f9811&rank=9
https://thumbnail8.coupangcdn.com/thumbnails/remote/230x230ex/image/retail/images/2023/01/24/9/0/c0f3cb67-27d6-4b4a-bf3a-0110fae03475.jpg,에스쁘아,워터 스플래쉬 세라마이드 선크림 SPF50+ PA++++ 60ml 1개,12980,https://www.coupang.com//vp/products/7086181945?itemId=17646024182&vendorItemId=84811642454&q=%EC%8D%AC%ED%81%AC%EB%A6%BC&itemsCount=36&searchId=3c5bd8aa38a54925a5dcface0f8f9811&rank=12
https://thumbnail7.coupangcdn.com/thumbnails/remote/230x230ex/image/rs_quotation_api/rix5p9vk/43a33956c09e4cf7b836694e0e67d107.jpg,셀퓨전씨,레이저 썬스크린 100 SPF50+ PA+++ 45ml x 2p + 10ml 1세트,30930,https://www.coupang.com//vp/products/6417990108?itemId=13792854160&vendorItemId=81043224952&q=%EC%8D%AC%ED%81%AC%EB%A6%BC&itemsCount=36&searchId=3c5bd8aa38a54925a5dcface0f8f9811&rank=13
https://thumbnail9.coupangcdn.com/thumbnails/remote/230x230ex/image/retail/images/3643095263445291-a7511299-6565-4fec-a16d-6751e24beab6.png,닥터지,그린 마일드 업 선 플러스 SPF50+ PA++++ 35ml x 2p 2개,21500,https://www.coupang.com//vp/products/1514766006?itemId=2600030732&vendorItemId=80265071820&q=%EC%8D%AC%ED%81%AC%EB%A6%BC&itemsCount=36&searchId=3c5bd8aa38a54925a5dcface0f8f9811&rank=14
https://thumbnail6.coupangcdn.com/thumbnails/remote/230x230ex/image/retail/images/16c7804a-8e7e-42c8-950a-8e13cda500054486283157006937738.png,궁중비책,유아용 순딩자차 프레시 선스틱 SPF50+ PA++++ 19g 2개,24200,https://www.coupang.com//vp/products/6445889962?itemId=18729529845&vendorItemId=85862121936&q=%EC%8D%AC%ED%81%AC%EB%A6%BC&itemsCount=36&searchId=3c5bd8aa38a54925a5dcface0f8f9811&rank=15
https://thumbnail9.coupangcdn.com/thumbnails/remote/230x230ex/image/retail/images/305696652978866-fef857ed-8608-48ce-be31-16dad0aabfa7.jpg,일리윤,저자극 이지워시 선크림 SPF50+ PA++++ 150ml 1개,17250,https://www.coupang.com//vp/products/5231217226?itemId=7366240361&vendorItemId=74657411155&q=%EC%8D%AC%ED%81%AC%EB%A6%BC&itemsCount=36&searchId=3c5bd8aa38a54925a5dcface0f8f9811&rank=16
https://thumbnail7.coupangcdn.com/thumbnails/remote/230x230ex/image/retail/images/398654994856171-43613afc-c805-46fc-ae61-f3ac69444cd4.jpg,달바,워터풀 톤업 선크림 SPF 50+ PA++++ 50ml x 2p + 약산성 젤클렌저 15ml 세트 1세트,37900,https://www.coupang.com//vp/products/6149159486?itemId=11856267480&vendorItemId=79129444843&q=%EC%8D%AC%ED%81%AC%EB%A6%BC&itemsCount=36&searchId=3c5bd8aa38a54925a5dcface0f8f9811&rank=17
https://thumbnail6.coupangcdn.com/thumbnails/remote/230x230ex/image/rs_quotation_api/hngpngap/bccacafc60744d509a1e7a00eb0eb3f0.jpg,미샤,올 어라운드 세이프 블록 아쿠아선크림 SPF50+ PA++++ 1개 50ml,6800,https://www.coupang.com//vp/products/6472999417?itemId=14136744552&vendorItemId=81383485507&q=%EC%8D%AC%ED%81%AC%EB%A6%BC&itemsCount=36&searchId=3c5bd8aa38a54925a5dcface0f8f9811&rank=18
https://thumbnail10.coupangcdn.com/thumbnails/remote/230x230ex/image/retail/images/8930260696626164-ce0749bc-427c-4d41-84f6-86a94f556362.jpg,달바,워터풀 에센스 선크림 SPF50+PA++++ 50ml 2개 + 약산성 젤 클렌저 15ml 1세트,32690,https://www.coupang.com//vp/products/5694626987?itemId=9444608048&vendorItemId=76730183756&q=%EC%8D%AC%ED%81%AC%EB%A6%BC&itemsCount=36&searchId=3c5bd8aa38a54925a5dcface0f8f9811&rank=19
https://thumbnail7.coupangcdn.com/thumbnails/remote/230x230ex/image/vendor_inventory/a6b8/46c7a533dd637c0b8895303688cb17fe08a2a55493ab47e05aa086c41af9.jpg,2023년,최신제조 AHC 내추럴 퍼펙션 더블쉴드 선스틱 SPF50+/PA++++ 스틱 썬크림/ 썬스틱/ 썬크림/ 선크림 22g 2개,20900,https://www.coupang.com//vp/products/7288356066?itemId=18622772226&vendorItemId=70428203143&q=%EC%8D%AC%ED%81%AC%EB%A6%BC&itemsCount=36&searchId=3c5bd8aa38a54925a5dcface0f8f9811&rank=22
https://thumbnail7.coupangcdn.com/thumbnails/remote/230x230ex/image/retail/images/2981719768777714-c0660b14-f9e6-4c30-93a2-ddd1aec9568c.jpg,그린핑거,야외놀이 선크림 파워블록 SPF50+ PA++++ 1개 80ml,8600,https://www.coupang.com//vp/products/5334701300?itemId=7797212062&vendorItemId=75087355472&q=%EC%8D%AC%ED%81%AC%EB%A6%BC&itemsCount=36&searchId=3c5bd8aa38a54925a5dcface0f8f9811&rank=24
https://thumbnail6.coupangcdn.com/thumbnails/remote/230x230ex/image/rs_quotation_api/ddkymwvw/9787ded8005f453e99fa95007f4ed177.jpg,닥터지,레드 블레미쉬 수딩 업 선 35ml + 35ml 듀오 세트 SPF50+ PA++++ 1세트,25900,https://www.coupang.com//vp/products/7090748589?itemId=17669040164&vendorItemId=84834442750&q=%EC%8D%AC%ED%81%AC%EB%A6%BC&itemsCount=36&searchId=3c5bd8aa38a54925a5dcface0f8f9811&rank=25
https://thumbnail6.coupangcdn.com/thumbnails/remote/230x230ex/image/retail/images/5282432059184983-0c065452-821b-4f91-b7a7-9f4d039910a6.JPG,닥터문,프리미엄 대용량 알로에베라 선크림 SPF50+ PA+++ 500ml 1개,12400,https://www.coupang.com//vp/products/6236837639?itemId=12565178307&vendorItemId=79833389298&q=%EC%8D%AC%ED%81%AC%EB%A6%BC&itemsCount=36&searchId=3c5bd8aa38a54925a5dcface0f8f9811&rank=26
https://thumbnail7.coupangcdn.com/thumbnails/remote/230x230ex/image/retail/images/7814237120523610-da74438b-e1bf-4a98-82bf-49eb920afadb.jpg,닥터방기원,시카마이드 데일리 에센스 선크림 SPF50+ PA++++ 50g 2개,15900,https://www.coupang.com//vp/products/6570235846?itemId=14745864103&vendorItemId=81986282762&q=%EC%8D%AC%ED%81%AC%EB%A6%BC&itemsCount=36&searchId=3c5bd8aa38a54925a5dcface0f8f9811&rank=27
https://thumbnail8.coupangcdn.com/thumbnails/remote/230x230ex/image/retail/images/5882994390285802-e6cd597e-6785-45df-9177-efa18cc77e90.jpg,쿤달,시카 앤 칼라민 퍼펙트 리페어 선크림 SPF50+ PA++++ 50ml 2개,24000,https://www.coupang.com//vp/products/1176614407?itemId=2155529121&vendorItemId=70153776272&q=%EC%8D%AC%ED%81%AC%EB%A6%BC&itemsCount=36&searchId=3c5bd8aa38a54925a5dcface0f8f9811&rank=28
https://thumbnail8.coupangcdn.com/thumbnails/remote/230x230ex/image/retail/images/4440532827926417-c33cd6dd-fce7-491b-96cf-3cf7147dd163.jpg,본트리,베리 에센스 선블럭 SPF50+ PA++++ 50ml 1개,7500,https://www.coupang.com//vp/products/4583248357?itemId=5620934963&vendorItemId=3000382598&q=%EC%8D%AC%ED%81%AC%EB%A6%BC&itemsCount=36&searchId=3c5bd8aa38a54925a5dcface0f8f9811&rank=29
https://thumbnail10.coupangcdn.com/thumbnails/remote/230x230ex/image/vendor_inventory/16b2/a714c74d87608ecf89d0a85c055b8841582040a64331116298fc169b6b18.jpg,터치미,퍼펙트 썬크림 선크림 자외선차단제 60ml 4개,16700,https://www.coupang.com//vp/products/1343544169?itemId=2371029328&vendorItemId=70154345013&q=%EC%8D%AC%ED%81%AC%EB%A6%BC&itemsCount=36&searchId=3c5bd8aa38a54925a5dcface0f8f9811&rank=30
https://thumbnail9.coupangcdn.com/thumbnails/remote/230x230ex/image/retail/images/8930499249311540-25ff7a77-e937-433f-99a0-569bda138ccc.jpg,달바,워터풀 에센스 선크림 SPF50+ PA++++ 35ml 1개,20400,https://www.coupang.com//vp/products/5196144342?itemId=6887655945&vendorItemId=74180199264&q=%EC%8D%AC%ED%81%AC%EB%A6%BC&itemsCount=36&searchId=3c5bd8aa38a54925a5dcface0f8f9811&rank=31
https://thumbnail6.coupangcdn.com/thumbnails/remote/230x230ex/image/retail/images/15187323877645169-2d02a0bd-e071-4ab8-8027-550063723264.jpg,편강,율 아토 마일드 선크림 SPF50+ PA++++ 75ml 2개,24900,https://www.coupang.com//vp/products/1658203102?itemId=2952810633&vendorItemId=70941327360&q=%EC%8D%AC%ED%81%AC%EB%A6%BC&itemsCount=36&searchId=3c5bd8aa38a54925a5dcface0f8f9811&rank=32
https://thumbnail9.coupangcdn.com/thumbnails/remote/230x230ex/image/retail/images/82059219488641-865d63a5-292b-4c23-9513-3ad410ec530a.jpg,설화수,상백 선크림 NO2 밀키 톤 업 SPF50+ PA++++ 50ml 1개,51520,https://www.coupang.com//vp/products/2021723195?itemId=3439136133&vendorItemId=71425618283&q=%EC%8D%AC%ED%81%AC%EB%A6%BC&itemsCount=36&searchId=3c5bd8aa38a54925a5dcface0f8f9811&rank=33
https://thumbnail9.coupangcdn.com/thumbnails/remote/230x230ex/image/vendor_inventory/39eb/f4aa2c13c3034f1da6508be65f827d56d2a769f24134716ad461789aa427.jpg,4개)백옥생,려희애 썬크림60ml SPF50+PA+++ 4개 60ml,16900,https://www.coupang.com//vp/products/243137316?itemId=771841742&vendorItemId=84488443024&q=%EC%8D%AC%ED%81%AC%EB%A6%BC&itemsCount=36&searchId=3c5bd8aa38a54925a5dcface0f8f9811&rank=34
https://thumbnail7.coupangcdn.com/thumbnails/remote/230x230ex/image/retail/images/1391490508367207-522c4149-7ba1-466a-88dd-80507d11892a.jpg,달바,워터풀 톤업 선크림 SPF 50+ PA++++ 50ml + 약산성 젤클렌저 9ml 세트 1세트,25900,https://www.coupang.com//vp/products/6149159519?itemId=11856267595&vendorItemId=79129444970&q=%EC%8D%AC%ED%81%AC%EB%A6%BC&itemsCount=36&searchId=3c5bd8aa38a54925a5dcface0f8f9811&rank=35
